"","No_case","No_contr","OR","pval","eta_est","eta_pval"
"PLI>=0.995",8339,11016,0.756989832970225,1,0.00656278160774081,8.24920405222888e-64
"pLI within (0.5,0.995)",21807,25655,0.850009744689144,1,0.00363438295713022,1.97501164271921e-40
"pLI<0.5",645131,662680,0.973518138468039,1,0.00335281159258604,3.68883168195442e-130
"MPC>=2",130994,139388,0.939779608000689,1,0.00436254228815854,1.01509918060547e-34
"MPC within (1,2)",911616,929071,0.981212415412816,1,0.00304846340105504,9.56501668538597e-48
"MPC<1",27819128,27885193,0.997630821490101,1,0.0011712750052348,4.11887439612371e-183
