"","No_case","No_contr","OR","pval","eta_est","eta_pval"
"PLI>=0.995",4436,7317,0.606259395927293,1,0.00661773006852496,7.98214544007857e-64
"pLI within (0.5,0.995)",10523,14050,0.748967971530249,1,0.00342328229560598,2.37856699231961e-40
"pLI<0.5",241695,258839,0.933765777181955,1,0.00331279140750432,9.61446588828926e-122
"MPC>=2",62501,70221,0.89006137765056,1,0.00383321972915213,3.47488737112642e-34
"MPC within (1,2)",372944,389959,0.95636720783467,1,0.00309542121036628,7.0450705149006e-45
"MPC<1",5085602,5154878,0.986561078652104,1,0.00127177843300801,1.1443736491603e-160
